Authors,Title,Year,Cited by,Link,Funding Details,Publication Stage
"Huang Z., Chen H., Hsu C.-J., Chen W.-H., Wu S.","Credit rating analysis with support vector machines and neural networks: A market comparative study",2004,616,"https://www.scopus.com/inward/record.uri?eid=2-s2.0-2442665617&doi=10.1016%2fS0167-9236%2803%2900086-1&partnerID=40&md5=c3d68c4cee8de92f34fa644b81e94bbc","National Science Foundation

National Institutes of Health

U.S. National Library of Medicine

National Aeronautics and Space Administration

Defense Advanced Research Projects Agency

National Institute of Justice","Final"
"McEliece R.J., MacKay D.J.C., Cheng J.-F.","Turbo decoding as an instance of Pearl's ""belief propagation"" algorithm",1998,528,"https://www.scopus.com/inward/record.uri?eid=2-s2.0-0032001728&doi=10.1109%2f49.661103&partnerID=40&md5=c688ef4969ac335f78cd8b748cafdd95","National Science Foundation

Air Force Office of Scientific Research

Isaac Newton Institute for Mathematical Sciences","Final"
"Chen W.-Y., Song Y., Bai H., Lin C.-J., Chang E.Y.","Parallel spectral clustering in distributed systems",2011,407,"https://www.scopus.com/inward/record.uri?eid=2-s2.0-79551528802&doi=10.1109%2fTPAMI.2010.88&partnerID=40&md5=fd244a285966f2e491597b5b055c8d49","National Science Foundation","Final"
"Yang G., Stewart C.V., Sofka M., Tsai C.-L.","Registration of challenging image pairs: Initialization, estimation, and decision",2007,208,"https://www.scopus.com/inward/record.uri?eid=2-s2.0-34548799229&doi=10.1109%2fTPAMI.2007.1116&partnerID=40&md5=7f02e4d6d65158c4ee3c9062e51b68d0","National Science Foundation

Rensselaer Polytechnic Institute","Final"
"Nie K., Chen J.-H., Yu H.J., Chu Y., Nalcioglu O., Su M.-Y.","Quantitative Analysis of Lesion Morphology and Texture Features for Diagnostic Prediction in Breast MRI",2008,162,"https://www.scopus.com/inward/record.uri?eid=2-s2.0-55349148361&doi=10.1016%2fj.acra.2008.06.005&partnerID=40&md5=9f2c78b03ac2893e7d14547d9ab7b31e","National Institutes of Health

National Cancer Institute","Final"
"Tsai C.-W., Lai C.-F., Vasilakos A.V.","Future Internet of Things: open issues and challenges",2014,153,"https://www.scopus.com/inward/record.uri?eid=2-s2.0-84910136683&doi=10.1007%2fs11276-014-0731-0&partnerID=40&md5=4602e80722c4313088ca53304f5c236c","European Commission","Final"
"Ceritoglu C., Oishi K., Li X., Chou M.-C., Younes L., Albert M., Lyketsos C., van Zijl P.C.M., Miller M.I., Mori S.","Multi-contrast large deformation diffeomorphic metric mapping for diffusion tensor imaging",2009,139,"https://www.scopus.com/inward/record.uri?eid=2-s2.0-67349268400&doi=10.1016%2fj.neuroimage.2009.04.057&partnerID=40&md5=ca0b4737f9edabc95797239359b2cf7c","National Institutes of Health

National Institute of Mental Health

National Institute on Aging

National Heart, Lung, and Blood Institute

National Institute of Biomedical Imaging and Bioengineering

National Center for Research Resources","Final"
"Gou L., Luh P.B., Kyoya Y.","Holonic manufacturing scheduling: Architecture, cooperation mechanism, and implementation",1998,124,"https://www.scopus.com/inward/record.uri?eid=2-s2.0-0032202838&doi=10.1016%2fS0166-3615%2898%2900100-6&partnerID=40&md5=ae6c5b52ea7f58f4731e7d28cebdf745","National Science Foundation

University of Connecticut

United Technologies Research Center","Final"
"Dou J., Yunus A.P., Tien Bui D., Merghadi A., Sahana M., Zhu Z., Chen C.-W., Khosravi K., Yang Y., Pham B.T.","Assessment of advanced random forest and decision tree algorithms for modeling rainfall-induced landslide susceptibility in the Izu-Oshima Volcanic Island, Japan",2019,123,"https://www.scopus.com/inward/record.uri?eid=2-s2.0-85060476790&doi=10.1016%2fj.scitotenv.2019.01.221&partnerID=40&md5=38a323d65b53a180e90be6492ca9f123","National Natural Science Foundation of China","Final"
"Wei C.-H., Harris B.R., Kao H.-Y., Lu Z.","TmVar: A text mining approach for extracting sequence variants in biomedical literature",2013,90,"https://www.scopus.com/inward/record.uri?eid=2-s2.0-84878281265&doi=10.1093%2fbioinformatics%2fbtt156&partnerID=40&md5=57277534bfdf3f23c1af0efbbaa723eb","National Institutes of Health

U.S. National Library of Medicine

Oak Ridge Institute for Science and Education","Final"
"Chuang J.-H., Ahuja N.","An analytically tractable potential field model of free space and its application in obstacle avoidance",1998,83,"https://www.scopus.com/inward/record.uri?eid=2-s2.0-0032188523&doi=10.1109%2f3477.718522&partnerID=40&md5=833011617a7f868cbeafe96edbf2ebf5","National Science Foundation

Office of Naval Research

Defense Advanced Research Projects Agency","Final"
"Bone D., Goodwin M.S., Black M.P., Lee C.-C., Audhkhasi K., Narayanan S.","Applying Machine Learning to Facilitate Autism Diagnostics: Pitfalls and Promises",2015,71,"https://www.scopus.com/inward/record.uri?eid=2-s2.0-84939888491&doi=10.1007%2fs10803-014-2268-6&partnerID=40&md5=8ba8e8ad3742245aae8a2e84c45493ca","National Institute on Deafness and Other Communication Disorders","Final"
"Lin K.-L., Lin C.-Y., Huang C.-D., Chang H.-M., Yang C.-Y., Lin C.-T., Tang C.Y., Hsu D.F.","Feature selection and combination criteria for improving accuracy in protein structure prediction",2007,69,"https://www.scopus.com/inward/record.uri?eid=2-s2.0-34249989677&doi=10.1109%2fTNB.2007.897482&partnerID=40&md5=9b9f9a58720b5aa2732799a834efaed9","National Science Foundation

National Science Council","Final"
"Ström P., Kartasalo K., Olsson H., Solorzano L., Delahunt B., Berney D.M., Bostwick D.G., Evans A.J., Grignon D.J., Humphrey P.A., Iczkowski K.A., Kench J.G., Kristiansen G., van der Kwast T.H., Leite K.R.M., McKenney J.K., Oxley J., Pan C.-C., Samaratunga H., Srigley J.R., Takahashi H., Tsuzuki T., Varma M., Zhou M., Lindberg J., Lindskog C., Ruusuvuori P., Wählby C., Grönberg H., Rantalainen M., Egevad L., Eklund M.","Artificial intelligence for diagnosis and grading of prostate cancer in biopsies: a population-based, diagnostic study",2020,65,"https://www.scopus.com/inward/record.uri?eid=2-s2.0-85078407893&doi=10.1016%2fS1470-2045%2819%2930738-7&partnerID=40&md5=7ee50b37e21af7531fc161d869fd1807","KAUTE-Säätiö

EIT Health

European Research Council

Academy of Finland

Cancerfonden

Vetenskapsrådet

Tampereen Teknillinen Yliopisto

Tampereen Yliopisto

Emil Aaltosen Säätiö

Tekniikan Edistämissäätiö

Syöpäjärjestöt

Forskningsrådet om Hälsa, Arbetsliv och Välfärd

Orionin Tutkimussäätiö

Svenska Litteratursällskapet i Finland

Walter Ahlströmin Säätiö","Final"
"Lin W.-C., Liu Y.","A lattice-based MRF model for dynamic near-regular texture tracking",2007,61,"https://www.scopus.com/inward/record.uri?eid=2-s2.0-34047210162&doi=10.1109%2fTPAMI.2007.1053&partnerID=40&md5=11bb59444aff0fedd3d48c88a9ab70ca","National Science Foundation

National Science Council","Final"
"Wang F.-Y., Chi C.-Y., Chan T.-H., Wang Y.","Nonnegative least-correlated component analysis for separation of dependent sources by volume maximization",2010,60,"https://www.scopus.com/inward/record.uri?eid=2-s2.0-77949836282&doi=10.1109%2fTPAMI.2009.72&partnerID=40&md5=60390a038f56e2281abccea0127f9503","National Cancer Institute

National Institute of Biomedical Imaging and Bioengineering","Final"
"Fan Kuang-Chao, Leu Ming C.","Intelligent planning of CAD-directed inspection for coordinate measuring machines",1998,56,"https://www.scopus.com/inward/record.uri?eid=2-s2.0-0031994929&doi=10.1016%2fS0951-5240%2898%2900008-1&partnerID=40&md5=5e61a98c07966c1e9ccedc59977d375c","National Science Foundation

National Science Council","Final"
"Shen C., Laloy E., Elshorbagy A., Albert A., Bales J., Chang F.-J., Ganguly S., Hsu K.-L., Kifer D., Fang Z., Fang K., Li D., Li X., Tsai W.-P.","HESS Opinions: Incubating deep-learning-powered hydrologic science advances as a community",2018,50,"https://www.scopus.com/inward/record.uri?eid=2-s2.0-85056087005&doi=10.5194%2fhess-22-5639-2018&partnerID=40&md5=821ca2a48b91c28ed7e0f43ed7a53b9a","National Science Foundation

U.S. Department of Energy

Department of Science and Technology of Sichuan Province

Sichuan University

Open Research Fund of State Key Laboratory of Bioelectronics","Final"
"Lien L.-C., Cheng M.-Y.","Particle bee algorithm for tower crane layout with material quantity supply and demand optimization",2014,49,"https://www.scopus.com/inward/record.uri?eid=2-s2.0-84901259328&doi=10.1016%2fj.autcon.2014.05.002&partnerID=40&md5=5c227c5a7894c9db7d32e45deb270bad","National Natural Science Foundation of China","Final"
"Fang S.-H., Fei Y.-X., Xu Z., Tsao Y.","Learning Transportation Modes from Smartphone Sensors Based on Deep Neural Network",2017,46,"https://www.scopus.com/inward/record.uri?eid=2-s2.0-85028993063&doi=10.1109%2fJSEN.2017.2737825&partnerID=40&md5=321f476b2bfa3a790cdbb5f917efb795","National Natural Science Foundation of China

Ministry of Science and Technology, Taiwan","Final"
"Wang S., Jin K., Lu H., Cheng C., Ye J., Qian D.","Human Visual System-Based Fundus Image Quality Assessment of Portable Fundus Camera Photographs",2016,45,"https://www.scopus.com/inward/record.uri?eid=2-s2.0-84963859683&doi=10.1109%2fTMI.2015.2506902&partnerID=40&md5=3de57e3de4b10952cee949508734d15c","National Natural Science Foundation of China","Final"
"Tsai Y.H., Stow D., Chen H.L., Lewison R., An L., Shi L.","Mapping vegetation and land use types in Fanjingshan National Nature Reserve using google earth engine",2018,44,"https://www.scopus.com/inward/record.uri?eid=2-s2.0-85048961694&doi=10.3390%2frs10060927&partnerID=40&md5=d2bf486501a7772164c71d2c8e4c6874","National Science Foundation","Final"
"Huang H., Liu C.-C., Zhou X.J.","Bayesian approach to transforming public gene expression repositories into disease diagnosis databases",2010,43,"https://www.scopus.com/inward/record.uri?eid=2-s2.0-77951082777&doi=10.1073%2fpnas.0912043107&partnerID=40&md5=7027dfa4e2444d78555b0d891a48b071","National Eye Institute

National Institute of General Medical Sciences","Final"
"Tang M., Liao H., Su S.-F.","A Bibliometric Overview and Visualization of the International Journal of Fuzzy Systems Between 2007 and 2017",2018,36,"https://www.scopus.com/inward/record.uri?eid=2-s2.0-85047243222&doi=10.1007%2fs40815-018-0484-5&partnerID=40&md5=266c888f675c9ace9b33d7cd87d07d0a","National Natural Science Foundation of China

Sichuan University

Science Foundation for Excellent Youth Scholars of Sichuan University","Final"
"Huang C.-Y., Ceroni J.A., Nof S.Y.","Agility of networked enterprises - parallelism, error recovery and conflict resolution",2000,33,"https://www.scopus.com/inward/record.uri?eid=2-s2.0-0033737921&doi=10.1016%2fS0166-3615%2899%2900076-7&partnerID=40&md5=bf13fb1212e9fd4257fbfed49fefadec","National Science Foundation","Final"
"Wu Q., Xia T., Chen C., Lin H.-Y.S., Wang H., Yu Y.","Hierarchical tensor approximation of multidimensional visual data",2008,32,"https://www.scopus.com/inward/record.uri?eid=2-s2.0-36349032384&doi=10.1109%2fTVCG.2007.70406&partnerID=40&md5=a9a0bef1dc1bff0781d7cf1bf3b48c84","National Science Foundation","Final"
"Reddy A.K., Taffet G.E., Li Y.-H., Lim S.-W., Pham T.T., Pocius J.S., Entman M.L., Michael L.H., Hartley C.J.","Pulsed doppler signal processing for use in mice: Applications",2005,32,"https://www.scopus.com/inward/record.uri?eid=2-s2.0-26444501984&doi=10.1109%2fTBME.2005.855709&partnerID=40&md5=ee803f90e51c82e0b3e854d0dcea2f70","National Institutes of Health

National Institute on Aging

National Heart, Lung, and Blood Institute

National Science Council

National Cheng Kung University","Final"
"Cui S., Wang D., Wang Y., Yu P.-W., Jin Y.","An improved support vector machine-based diabetic readmission prediction",2018,30,"https://www.scopus.com/inward/record.uri?eid=2-s2.0-85055033946&doi=10.1016%2fj.cmpb.2018.10.012&partnerID=40&md5=95042ee9482c83c8dec1b96b77256da9","National Natural Science Foundation of China

China Postdoctoral Science Foundation

Sichuan University","Final"
"Tsai C.-L., Madore B., Leotta M.J., Sofka M., Yang G., Majerovics A., Tanenbaum H.L., Stewart C.V., Roysam B.","Automated retinal image analysis over the internet",2008,30,"https://www.scopus.com/inward/record.uri?eid=2-s2.0-48349134358&doi=10.1109%2fTITB.2007.908790&partnerID=40&md5=204dbdc511a70afe34e6f8cb11a989e4","National Science Foundation

Rensselaer Polytechnic Institute","Final"
"Mao J.-Y., Zhou L., Ren Y., Yang J.-Q., Chang C.-L., Lin H.-C., Chou H.-H., Zhang S.-R., Zhou Y., Han S.-T.","A bio-inspired electronic synapse using solution processable organic small molecule",2019,29,"https://www.scopus.com/inward/record.uri?eid=2-s2.0-85061286732&doi=10.1039%2fC8TC05489D&partnerID=40&md5=bc4b6453d5a82c5de730132b61a80330","National Natural Science Foundation of China

Ministry of Science and Technology, Taiwan

Department of Education of Guangdong Province","Final"
"Chen I.-R., Bastani F.B., Tsao T.-W.","On the Reliability of AI Planning Software in Real-Time Applications",1995,28,"https://www.scopus.com/inward/record.uri?eid=2-s2.0-0029250814&doi=10.1109%2f69.368522&partnerID=40&md5=891fa4da3eb121a12623bdffe9dfb509","National Science Foundation

U.S. Nuclear Regulatory Commission","Final"
"Zhang W., Zhang Z., Zeadally S., Chao H.-C., Leung V.C.M.","MASM: A Multiple-Algorithm Service Model for Energy-Delay Optimization in Edge Artificial Intelligence",2019,27,"https://www.scopus.com/inward/record.uri?eid=2-s2.0-85068615650&doi=10.1109%2fTII.2019.2897001&partnerID=40&md5=9d93e0fbd2ca65a477f2456a8b55642c","National Natural Science Foundation of China

Beijing Municipal Commission of Education","Final"
"Liang X., Chen R.-C., Guo X.","Pruning support vector machines without altering performances",2008,26,"https://www.scopus.com/inward/record.uri?eid=2-s2.0-54349120854&doi=10.1109%2fTNN.2008.2002696&partnerID=40&md5=2a018fdd1533c6aa0e2f7489562748e3","National Natural Science Foundation of China","Final"
"Lin J.C.-W., Ren S., Fournier-Viger P., Hong T.-P., Su J.-H., Vo B.","A fast algorithm for mining high average-utility itemsets",2017,25,"https://www.scopus.com/inward/record.uri?eid=2-s2.0-85014957800&doi=10.1007%2fs10489-017-0896-1&partnerID=40&md5=85efd3e000f73388fbcd730c78192546","National Natural Science Foundation of China","Final"
"Yin Y., Liu M., Cheng T.C.E., Wu C.-C., Cheng S.-R.","Four single-machine scheduling problems involving due date determination decisions",2013,25,"https://www.scopus.com/inward/record.uri?eid=2-s2.0-84883232278&doi=10.1016%2fj.ins.2013.06.035&partnerID=40&md5=3a277cad1a89f85f3a0ce3d831515014","National Natural Science Foundation of China

National Science Council

Natural Science Foundation of Jiangxi Province","Final"
"Chan H.-P., Wu Y.-T., Sahiner B., Wei J., Helvie M.A., Zhang Y., Moore R.H., Kopans D.B., Hadjiiski L., Way T.","Characterization of masses in digital breast tomosynthesis: Comparison of machine learning in projection views and reconstructed slices",2010,25,"https://www.scopus.com/inward/record.uri?eid=2-s2.0-77954698222&doi=10.1118%2f1.3432570&partnerID=40&md5=f5df5668da4f12a8dabd8988cd0d8c19","National Cancer Institute

Medical Research and Materiel Command

Massachusetts General Hospital

U.S. Public Health Service","Final"
"Zhou Y., Guo S., Hong X., Chang F.-J.","Systematic impact assessment on inter-basin water transfer projects of the Hanjiang River Basin in China",2017,24,"https://www.scopus.com/inward/record.uri?eid=2-s2.0-85028711118&doi=10.1016%2fj.jhydrol.2017.08.039&partnerID=40&md5=a2e55b2b06ffd21868c7dad6ed8f9ebf","National Natural Science Foundation of China

Ministry of Science and Technology of the People's Republic of China

Ministerio de Ciencia y Tecnología","Final"
"Wang Z., Chang Y.-C.I., Ying Z., Zhu L., Yang Y.","A parsimonious threshold-independent protein feature selection method through the area under receiver operating characteristic curve",2007,24,"https://www.scopus.com/inward/record.uri?eid=2-s2.0-35748958714&doi=10.1093%2fbioinformatics%2fbtm442&partnerID=40&md5=56de02e7ce0c1e40fb7be1a062d0fb34","National Science Foundation

National Institutes of Health

National Natural Science Foundation of China

Chinese Academy of Sciences

Science and Technology Commission of Shanghai Municipality","Final"
"Liu Y., Wu Q.-Y., Chen J.","Active Selection of Informative Data for Sequential Quality Enhancement of Soft Sensor Models with Latent Variables",2017,23,"https://www.scopus.com/inward/record.uri?eid=2-s2.0-85020203535&doi=10.1021%2facs.iecr.6b04620&partnerID=40&md5=de9c3691693db7f1ebf9b50812fe2bfa","National Natural Science Foundation of China

Ministry of Science and Technology, Taiwan

Ministerio de Ciencia y Tecnología","Final"
"Liu Y., Yang C., Wang Y., Zhu L., Ji W.","Cheating identifiable secret sharing scheme using symmetric bivariate polynomial",2018,22,"https://www.scopus.com/inward/record.uri?eid=2-s2.0-85045437814&doi=10.1016%2fj.ins.2018.04.043&partnerID=40&md5=a4cdc91d1ca9e0d6b00df64aef877552","National Natural Science Foundation of China

Xi'an University of Technology","Final"
"Chen C.-H., Honavar V.","A neural-network architecture for syntax analysis",1999,22,"https://www.scopus.com/inward/record.uri?eid=2-s2.0-0032786152&doi=10.1109%2f72.737497&partnerID=40&md5=2f50ca449f8e327d98694d6803f4d3a4","National Science Foundation

John Deere Foundation

International Business Machines Corporation

National Security Agency","Final"
"Geng X., Ross T.J., Gu H., Shin W., Zhan W., Chao Y.-P., Lin C.-P., Schuff N., Yang Y.","Diffeomorphic image registration of diffusion MRI using spherical harmonics",2011,21,"https://www.scopus.com/inward/record.uri?eid=2-s2.0-79952126470&doi=10.1109%2fTMI.2010.2095027&partnerID=40&md5=b7fb46348aa17c4c23dabf5f3a0f4e4a","National Institute on Drug Abuse","Final"
"Lyer M., Zheng T., Hopfinger A.J., Tseng Y.J.","QSAR analyses of skin penetration enhancers",2007,21,"https://www.scopus.com/inward/record.uri?eid=2-s2.0-34250832783&doi=10.1021%2fci700051e&partnerID=40&md5=068a56a9cb73801e828462c8cf03268f","National Institute of General Medical Sciences","Final"
"Chan P.P.K., Yeung D.S., Ng W.W.Y., Lin C.M., Liu J.N.K.","Dynamic fusion method using Localized Generalization Error Model",2012,20,"https://www.scopus.com/inward/record.uri?eid=2-s2.0-84865575666&doi=10.1016%2fj.ins.2012.06.026&partnerID=40&md5=d543d21e6f15965efcce9453ae0b819b","National Natural Science Foundation of China

Fundamental Research Funds for the Central Universities","Final"
"Cui Q., Wang Y., Chen K.-C., Ni W., Lin I.-C., Tao X., Zhang P.","Big data analytics and network calculus enabling intelligent management of autonomous vehicles in a smart city",2019,18,"https://www.scopus.com/inward/record.uri?eid=2-s2.0-85054234870&doi=10.1109%2fJIOT.2018.2872442&partnerID=40&md5=5b1c303c9b17934bfad0a3b943255b82","National Natural Science Foundation of China","Final"
"Chang Y.-B., Xia J.J., Yuan P., Kuo T.-H., Xiong Z., Gateno J., Zhou X.","3D segmentation of maxilla in cone-beam computed tomography imaging using base invariant wavelet active shape model on customized two-manifold topology",2013,17,"https://www.scopus.com/inward/record.uri?eid=2-s2.0-84880244780&doi=10.3233%2fXST-130369&partnerID=40&md5=3fee2445bfe252a8a5f2ef6901d4ece8","National Institute of Dental and Craniofacial Research","Final"
"Tsai Y.-S., Lin C.-T., Tseng G.C., Chung I.-F., Pal N.R.","Discovery of dominant and dormant genes from expression data using a novel generalization of SNR for multi-class problems",2008,17,"https://www.scopus.com/inward/record.uri?eid=2-s2.0-58149510473&doi=10.1186%2f1471-2105-9-425&partnerID=40&md5=44cfeba11b748e009f69ce8cfbf52822","National Center for Advancing Translational Sciences","Final"
"Hu Y.H., Chen S.-J.","GM_Plan: A Gate Matrix Layout Algorithm Based on Artificial Intelligence Planning Techniques",1990,17,"https://www.scopus.com/inward/record.uri?eid=2-s2.0-0025469247&doi=10.1109%2f43.57791&partnerID=40&md5=dd7daa4e7d6b960ff64544f864f16d8e","National Science Foundation

Defense Advanced Research Projects Agency","Final"
"Slomka P.J., Betancur J., Liang J.X., Otaki Y., Hu L.-H., Sharir T., Dorbala S., Di Carli M., Fish M.B., Ruddy T.D., Bateman T.M., Einstein A.J., Kaufmann P.A., Miller E.J., Sinusas A.J., Azadani P.N., Gransar H., Tamarappoo B.K., Dey D., Berman D.S., Germano G.","Rationale and design of the REgistry of Fast Myocardial Perfusion Imaging with NExt generation SPECT (REFINE SPECT)",2020,16,"https://www.scopus.com/inward/record.uri?eid=2-s2.0-85048816561&doi=10.1007%2fs12350-018-1326-4&partnerID=40&md5=ec9a5b94ce6dfe040b8081960f84eada","National Institutes of Health

National Heart, Lung, and Blood Institute

Astellas Pharma US

Sanofi

GE Healthcare

Philips Oral Healthcare

Cedars-Sinai Medical Center

Toshiba Medical Systems","Final"
"Zhou Y., Guo S., Chang F.-J., Xu C.-Y.","Boosting hydropower output of mega cascade reservoirs using an evolutionary algorithm with successive approximation",2018,16,"https://www.scopus.com/inward/record.uri?eid=2-s2.0-85049983755&doi=10.1016%2fj.apenergy.2018.07.078&partnerID=40&md5=e4e10cd560166c80ac41a3b4b57c09e9","National Natural Science Foundation of China","Final"
"Wong K.-C., Lin W.-Y., Hu Y.H., Boston N., Zhang X.","Optimal linear combination of facial regions for improving identification performance",2007,16,"https://www.scopus.com/inward/record.uri?eid=2-s2.0-35148868111&doi=10.1109%2fTSMCB.2007.895325&partnerID=40&md5=bbc02fabb909c0fc1cfb86d3bc5dc22a","National Science Foundation

National Science Council","Final"
"Liu Sheng O.R., Wei C.-P., Hu P.J.-H., Chang N.","Automated learning of patient image retrieval knowledge: Neural networks versus inductive decision trees",2000,16,"https://www.scopus.com/inward/record.uri?eid=2-s2.0-0342955040&doi=10.1016%2fS0167-9236%2800%2900092-0&partnerID=40&md5=ea1cdae30470e3b819bffbf8fe71fc85","National Science Foundation

International Business Machines Corporation

U.S. Army

Research Grants Council, University Grants Committee","Final"
"Zhou Y., Chang L.-C., Uen T.-S., Guo S., Xu C.-Y., Chang F.-J.","Prospect for small-hydropower installation settled upon optimal water allocation: An action to stimulate synergies of water-food-energy nexus",2019,15,"https://www.scopus.com/inward/record.uri?eid=2-s2.0-85060343515&doi=10.1016%2fj.apenergy.2019.01.069&partnerID=40&md5=76ec277f467b73322d1628b37b6721e1","National Natural Science Foundation of China

Ministry of Science and Technology, Taiwan

Norges Forskningsråd","Final"
"Zheng T., Hopfinger A.J., Esposito E.X., Liu J., Tseng Y.J.","Membrane-interaction Quantitative Structure - Activity Relationship (MI-QSAR) analyses of skin penetration enhancers",2008,15,"https://www.scopus.com/inward/record.uri?eid=2-s2.0-47349124511&doi=10.1021%2fci8000277&partnerID=40&md5=30bf9a12d9c43556f64a6606239306b6","National Institute of General Medical Sciences","Final"
"Zhang J., Wen C.-K., Jin S., Li G.Y.","Artificial Intelligence-Aided Receiver for a CP-Free OFDM System: Design, Simulation, and Experimental Test",2019,14,"https://www.scopus.com/inward/record.uri?eid=2-s2.0-85065866644&doi=10.1109%2fACCESS.2019.2914928&partnerID=40&md5=abeca4b52461dd86ca10f39981276124","National Science Foundation

National Natural Science Foundation of China

Industrial Technology Research Institute

Ministry of Science and Technology, Taiwan

National Science Foundation","Final"
"Jonnagaddala J., Liaw S.-T., Ray P., Kumar M., Dai H.-J., Hsu C.-Y.","Identification and Progression of Heart Disease Risk Factors in Diabetic Patients from Longitudinal Electronic Health Records",2015,14,"https://www.scopus.com/inward/record.uri?eid=2-s2.0-84941073116&doi=10.1155%2f2015%2f636371&partnerID=40&md5=fbfc24dee68159c11c90e9b3cec9d3a8","U.S. National Library of Medicine","Final"
"Lin S.-Y., Chiang C.-C., Li J.-B., Hung Z.-S., Chao K.-M.","Dynamic fine-tuning stacked auto-encoder neural network for weather forecast",2018,13,"https://www.scopus.com/inward/record.uri?eid=2-s2.0-85050160102&doi=10.1016%2fj.future.2018.06.052&partnerID=40&md5=06707c4e135a2184a70668fe527dd0ad","Horizon 2020 Framework Programme

Ministry of Science and Technology, Taiwan","Final"
"Peng J.-Y., Chen Y.-J., Green M.D., Sabatinos S.A., Forsburg S.L., Hsu C.-N.","PombeX: Robust cell segmentation for fission yeast transillumination images",2013,13,"https://www.scopus.com/inward/record.uri?eid=2-s2.0-84891946898&doi=10.1371%2fjournal.pone.0081434&partnerID=40&md5=f0644632d20771084dbc546f90ac72fb","National Institute of General Medical Sciences","Final"
"Zhou Q., Feng F., Shen Z., Zhou R., Hsieh M.-Y., Li K.-C.","A novel approach for mobile malware classification and detection in Android systems",2019,12,"https://www.scopus.com/inward/record.uri?eid=2-s2.0-85051707617&doi=10.1007%2fs11042-018-6498-z&partnerID=40&md5=7bbe05d703abc9c7f9781f2a7979e61c","Google

National Natural Science Foundation of China

Chinese Academy of Sciences

Program for New Century Excellent Talents in University

Fundamental Research Funds for the Central Universities

Science and Technology Project of State Grid","Final"
"Lin J.C.-W., Ren S., Fournier-Viger P., Pan J.-S., Hong T.-P.","Efficiently updating the discovered high average-utility itemsets with transaction insertion",2018,11,"https://www.scopus.com/inward/record.uri?eid=2-s2.0-85045482165&doi=10.1016%2fj.engappai.2018.03.021&partnerID=40&md5=dc92e0f2cd682b3f21e7c46477d2cab4","National Natural Science Foundation of China

Shenzhen Technical Project","Final"
"Dai H.-J., Chen C.-Y., Wu C.-Y., Lai P.-T., Tsai R.T.-H., Hsu W.-L.","Coreference resolution of medical concepts in discharge summaries by exploiting contextual information",2012,10,"https://www.scopus.com/inward/record.uri?eid=2-s2.0-84872237114&doi=10.1136%2famiajnl-2012-000808&partnerID=40&md5=9bffb548c9f1bbbf12d721e925bbe2ad","U.S. National Library of Medicine","Final"
"Tsai C.-H., Yu W.-J., Wong W.H., Lee C.-Y.","A 41.3/26.7 pJ per Neuron Weight RBM Processor Supporting On-Chip Learning/Inference for IoT Applications",2017,9,"https://www.scopus.com/inward/record.uri?eid=2-s2.0-85023161329&doi=10.1109%2fJSSC.2017.2715171&partnerID=40&md5=14cb2e4f8e4a6d8d6aa3bc7c63653733","National Science Foundation","Final"
"Tsai J.S.-H., Du Y.-Y., Huang P.-H., Guo S.-M., Shieh L.-S., Chen Y.","Iterative learning-based decentralized adaptive tracker for large-scale systems: A digital redesign approach",2011,9,"https://www.scopus.com/inward/record.uri?eid=2-s2.0-79955915228&doi=10.1016%2fj.isatra.2011.01.007&partnerID=40&md5=f86c31ae9da7c17e1809f0dddd16b86d","National Science Foundation","Final"
"Lin C.-H., Hsu K.-C., Johnson K.R., Fann Y.C., Tsai C.-H., Sun Y., Lien L.-M., Chang W.-L., Chen P.-L., Lin C.-L., Hsu C.Y.","Evaluation of machine learning methods to stroke outcome prediction using a nationwide disease registry",2020,8,"https://www.scopus.com/inward/record.uri?eid=2-s2.0-85079050283&doi=10.1016%2fj.cmpb.2020.105381&partnerID=40&md5=17b7a93219cfc00444f491dc4ba22915","National Institutes of Health

Academia Sinica

Ministry of Science and Technology

China Medical University Hospital","Final"
"Zhao C., Hwang W.-L., Lin C.-L., Chen W.","Greedy orthogonal matching pursuit for subspace clustering to improve graph connectivity",2018,8,"https://www.scopus.com/inward/record.uri?eid=2-s2.0-85047370022&doi=10.1016%2fj.ins.2018.05.032&partnerID=40&md5=fe93dcb446b1960160a7d6b8cb73f5cc","National Natural Science Foundation of China

Ministry of Science and Technology, Taiwan","Final"
"Yang J., Sun Y., Liang J., Ren B., Lai S.-H.","Image captioning by incorporating affective concepts learned from both visual and textual components",2019,7,"https://www.scopus.com/inward/record.uri?eid=2-s2.0-85054054208&doi=10.1016%2fj.neucom.2018.03.078&partnerID=40&md5=3ebb0fb579269ae57127934b9b2208a8","National Natural Science Foundation of China

National Laboratory of Pattern Recognition","Final"
"Zhou R., Li X., Yong B., Shen Z., Wang C., Zhou Q., Cao Y., Li K.-C.","Arrhythmia recognition and classification through deep learning-based approach",2019,7,"https://www.scopus.com/inward/record.uri?eid=2-s2.0-85072101076&doi=10.1504%2fIJCSE.2019.101897&partnerID=40&md5=b384186fb07e44e61d0b3b758a559c99","National Natural Science Foundation of China

Chinese Academy of Sciences

Program for New Century Excellent Talents in University

Natural Science Foundation of Gansu Province

Fundamental Research Funds for the Central Universities","Final"
"Lin C.T., Lee C.S.G.","A Multi-Valued Boltzmann Machine",1995,7,"https://www.scopus.com/inward/record.uri?eid=2-s2.0-0029292083&doi=10.1109%2f21.370198&partnerID=40&md5=0be90fe4946ac9104deec39745ededda","National Science Foundation

National Science Council

Intelligent Manufacturing Research Center","Final"
"Band S.S., Janizadeh S., Pal S.C., Saha A., Chakrabortty R., Melesse A.M., Mosavi A.","Flash flood susceptibility modeling using new approaches of hybrid and ensemble tree-based machine learning algorithms",2020,6,"https://www.scopus.com/inward/record.uri?eid=2-s2.0-85094912774&doi=10.3390%2frs12213568&partnerID=40&md5=4da19e0336b1af104b7fbf588a637b51","European Commission","Final"
"Zhou Y., Chang F.-J., Chang L.-C., Lee W.-D., Huang A., Xu C.-Y., Guo S.","An advanced complementary scheme of floating photovoltaic and hydropower generation flourishing water-food-energy nexus synergies",2020,6,"https://www.scopus.com/inward/record.uri?eid=2-s2.0-85086579951&doi=10.1016%2fj.apenergy.2020.115389&partnerID=40&md5=4c28b1b34eb48451a66a57ce12509607","National Natural Science Foundation of China

Ministry of Science and Technology, Taiwan

Norges Forskningsråd","Final"
"Bonacina M.P., Hsiang J.","On semantic resolution with lemmaizing and contraction and a formal treatment of caching",1998,6,"https://www.scopus.com/inward/record.uri?eid=2-s2.0-0031650561&doi=10.1007%2fBF03037315&partnerID=40&md5=64d315d727de40b1fce3f6038b07c1f7","National Science Foundation

National Science Council","Final"
"Chen Shyi-Ming","New methodology to fuzzy reasoning for rule-based expert systems",1995,6,"https://www.scopus.com/inward/record.uri?eid=2-s2.0-0029273124&partnerID=40&md5=3d56a311ddb14f6b3b9e2010b9dd98cc","Directorate for Computer and Information Science and Engineering

National Academy of Sciences, Republic of Korea

National Chiao Tung University","Final"
"Feng W., Tu R., Lu T., Zhou Z.","Understanding forced adoption of self-service technology: the impacts of users’ psychological reactance",2019,5,"https://www.scopus.com/inward/record.uri?eid=2-s2.0-85059083207&doi=10.1080%2f0144929X.2018.1557745&partnerID=40&md5=2d7ea10f66392a96c92bbb90b165decc","National Natural Science Foundation of China

China Postdoctoral Science Foundation","Final"
"Huang H., Lu Z., Peng R., Feng Z., Xuan X., Hung P.C.K., Huang S.-C.","Efficiently querying large process model repositories in smart city cloud workflow systems based on quantitative ordering relations",2019,5,"https://www.scopus.com/inward/record.uri?eid=2-s2.0-85065203646&doi=10.1016%2fj.ins.2019.04.058&partnerID=40&md5=274c1498221e264dd0fd9d23c122ac83","National Natural Science Foundation of China

Science and Technology Commission of Shanghai Municipality

Shanghai Municipal Commission of Economy and Informatization

National Basic Research Program of China (973 Program)

Fundamental Research Funds for the Central Universities","Final"
"Lee S.-J., Plaisted D.A.","Problem solving by searching for models with a theorem prover",1994,5,"https://www.scopus.com/inward/record.uri?eid=2-s2.0-0028495394&doi=10.1016%2f0004-3702%2894%2990082-5&partnerID=40&md5=473a439a82552cc5deedee24d376a5cc","National Science Foundation

National Science Council","Final"
"Wang X., Xu Z., Su S.-F., Zhou W.","A comprehensive bibliometric analysis of uncertain group decision making from 1980 to 2019",2021,4,"https://www.scopus.com/inward/record.uri?eid=2-s2.0-85090048466&doi=10.1016%2fj.ins.2020.08.036&partnerID=40&md5=a0c4d742600b40d12bf68e194764ce0d","National Natural Science Foundation of China","Final"
"Li Z., Zhang J., Tan T., Teng X., Sun X., Zhao H., Liu L., Xiao Y., Lee B., Li Y., Zhang Q., Sun S., Zheng Y., Yan J., Li N., Hong Y., Ko J., Jung H., Liu Y., Chen Y.-C., Wang C.-W., Yurovskiy V., Maevskikh P., Khanagha V., Jiang Y., Yu L., Liu Z., Li D., Schuffler P.J., Yu Q., Chen H., Tang Y., Litjens G.","Deep Learning Methods for Lung Cancer Segmentation in Whole-Slide Histopathology Images - The ACDC@LungHP Challenge 2019",2021,4,"https://www.scopus.com/inward/record.uri?eid=2-s2.0-85096836394&doi=10.1109%2fJBHI.2020.3039741&partnerID=40&md5=0ff86367c53ae75db5f514a5daeaf817","National Institutes of Health

National Cancer Institute

National Natural Science Foundation of China

Natural Science Foundation of Hunan Province","Final"
"Shateri M., Sobhanigavgani Z., Alinasab A., Varamesh A., Hemmati-Sarapardeh A., Mosavi A., Shamshirband S.S.","Comparative analysis of machine learning models for nanofluids viscosity assessment",2020,4,"https://www.scopus.com/inward/record.uri?eid=2-s2.0-85090353635&doi=10.3390%2fnano10091767&partnerID=40&md5=bbd2a812ab5299eafee1e0493be56146","Alexander von Humboldt-Stiftung

European Social Fund

European Commission","Final"
"Yu J., Yang M.-S.","A note on the ICS algorithm with corrections and theoretical analysis",2005,4,"https://www.scopus.com/inward/record.uri?eid=2-s2.0-14644406130&doi=10.1109%2fTIP.2005.849300&partnerID=40&md5=59469e6052f1bf21370d0dca8fbd15fb","National Natural Science Foundation of China","Final"
"Mostafaeipour A., Fakhrzad M.B., Gharaat S., Jahangiri M., Dhanraj J.A., Band S.S., Issakhov A., Mosavi A.","Machine learning for prediction of energy in wheat production",2020,3,"https://www.scopus.com/inward/record.uri?eid=2-s2.0-85094821186&doi=10.3390%2fagriculture10110517&partnerID=40&md5=32341caae02c1447241a28fa5e9bd25e","European Commission","Final"
"Mosavi A., Faghan Y., Ghamisi P., Duan P., Ardabili S.F., Salwana E., Band S.S.","Comprehensive review of deep reinforcement learning methods and applications in economics",2020,3,"https://www.scopus.com/inward/record.uri?eid=2-s2.0-85092487643&doi=10.3390%2fMATH8101640&partnerID=40&md5=a73687c4fec5e7329536d4ccbc5b6acf","Alexander von Humboldt-Stiftung

European Commission

European Social Fund","Final"
"Le D., Alam M., Yao C.K., Lim J.I., Hsieh Y.-T., Chan R.V.P., Toslak D., Yao X.","Transfer learning for automated octa detection of diabetic retinopathy",2020,3,"https://www.scopus.com/inward/record.uri?eid=2-s2.0-85088708200&doi=10.1167%2ftvst.9.2.35&partnerID=40&md5=5d3f6420af89d9f837d69a624d30aad2","National Institutes of Health

Research to Prevent Blindness","Final"
"Schedl M., Yang Y.-H., Herrera-Boyer P.","Introduction to intelligent music systems and applications",2016,3,"https://www.scopus.com/inward/record.uri?eid=2-s2.0-84993970476&doi=10.1145%2f2991468&partnerID=40&md5=0e0bd532d3f05e718c38dee1b58e5a03","European Commission

Austrian Science Fund

Ministry of Science and Technology, Taiwan","Final"
"Li Z., Jin Q., Chang C.-C., Liu L., Wang A.","A common bitmap block truncation coding for color images based on binary ant colony optimization",2016,3,"https://www.scopus.com/inward/record.uri?eid=2-s2.0-84971655184&doi=10.3837%2ftiis.2016.05.020&partnerID=40&md5=a3ef96230c3aec8ec1a9fad28f4959ae","National Natural Science Foundation of China","Final"
"Lin Y., Wang H., Kuo G.-S., Cheng S., Li Q.","A fuzzy-based approach to remove clock skew and reset from one-way delay measurement",2005,3,"https://www.scopus.com/inward/record.uri?eid=2-s2.0-26844547950&doi=10.1109%2fTNN.2005.853413&partnerID=40&md5=596b896bc3d3219c96335f775a81576d","National Natural Science Foundation of China

National Key Research and Development Program of China","Final"
"Baird P.N., Saw S.-M., Lanca C., Guggenheim J.A., Smith III E.L., Zhou X., Matsui K.-O., Wu P.-C., Sankaridurg P., Chia A., Rosman M., Lamoureux E.L., Man R., He M.","Myopia",2020,2,"https://www.scopus.com/inward/record.uri?eid=2-s2.0-85097663270&doi=10.1038%2fs41572-020-00231-4&partnerID=40&md5=8202dde0df6fcaf7691a4b349a7cbfc4","National Institutes of Health

Brien Holden Vision Institute

Nanomaterials Microdevices Research Center, Osaka Institute of Technology

National Health and Medical Research Council

Agency for Science, Technology and Research

National Medical Research Council

University of Melbourne

National Natural Science Foundation of China","Final"
"Liong S.-T., Gan Y.S., Zheng D., Li S.-M., Xu H.-X., Zhang H.-Z., Lyu R.-K., Liu K.-H.","Evaluation of the Spatio-Temporal Features and GAN for Micro-Expression Recognition System",2020,2,"https://www.scopus.com/inward/record.uri?eid=2-s2.0-85082821817&doi=10.1007%2fs11265-020-01523-4&partnerID=40&md5=24585494c4bed4f1d7f11144bfea43da","National Natural Science Foundation of China

Ministry of Science and Technology, Taiwan

National Key Research and Development Program of China","Final"
"Zhang C., Ueng Y.-L., Studer C., Burg A.","Artificial Intelligence for 5G and beyond 5G: Implementations, Algorithms, and Optimizations",2020,2,"https://www.scopus.com/inward/record.uri?eid=2-s2.0-85087202473&doi=10.1109%2fJETCAS.2020.3000103&partnerID=40&md5=95482723190e5738a6cfa686a58cd599","Qualcomm

National Natural Science Foundation of China

Ministry of Science and Technology, Taiwan

Southeast University

Six Talent Peaks Project in Jiangsu Province

Fundamental Research Funds for the Central Universities","Final"
"Hors-Fraile S., De Vries H., Malwade S., Luna-Perejon F., Amaya C., Civit A., Schneider F., Bamidis P., Syed-Abdul S., Li Y.-C.","Opening the Black Box: Explaining the Process of Basing a Health Recommender System on the I-Change Behavioral Change Model",2019,2,"https://www.scopus.com/inward/record.uri?eid=2-s2.0-85076967280&doi=10.1109%2fACCESS.2019.2957696&partnerID=40&md5=32b7e98b9be74d1ec92c096ed7741589","Fulbright Foundation in Greece

Horizon 2020 Framework Programme

Universiteit Maastricht

Ministry of Science and Technology, Taiwan

Taipei Medical University

Aristotle University of Thessaloniki","Final"
"Yang H., Chen S.","A heterogeneous artificial stock market model can benefit people against another financial crisis",2018,2,"https://www.scopus.com/inward/record.uri?eid=2-s2.0-85048819564&doi=10.1371%2fjournal.pone.0197935&partnerID=40&md5=aa79a34550c9ebadde3096de86f5aadc","National Natural Science Foundation of China","Final"
"Su X., Shum C.K., Guo J., Howat I.M., Kuo C., Jezek K.C., Duan J., Yi Y.","High-resolution interannual mass anomalies of the antarctic ice sheet by combining GRACE gravimetry and ENVISAT altimetry",2018,2,"https://www.scopus.com/inward/record.uri?eid=2-s2.0-85033692972&doi=10.1109%2fTGRS.2017.2751070&partnerID=40&md5=563c11a23cfd182469a030a9da049746","National Aeronautics and Space Administration

National Natural Science Foundation of China

China Postdoctoral Science Foundation

National Cheng Kung University

National Science Foundation","Final"
"Chen Y.-F., Hsu K.-C., Lin P.-T., Frank Hsu D., Kristal B.S., Yang J.-M.","LigSeeSVM: Ligand-based virtual Screening using Support Vector Machines and data fusion",2011,2,"https://www.scopus.com/inward/record.uri?eid=2-s2.0-80555149711&doi=10.1504%2fIJCBDD.2011.041415&partnerID=40&md5=9cc3c95715bc60fa024151818670b6f5","National Institute of Environmental Health Sciences","Final"
"Tsung F.S., Cottrell G.W.","Learning in recurrent finite difference networks.",1995,2,"https://www.scopus.com/inward/record.uri?eid=2-s2.0-0029364007&doi=10.1142%2fS0129065795000184&partnerID=40&md5=c2502bd252bdec0d3f88b4136543e947","National Institute of Mental Health","Final"
"Mousavi S., Afghah F., Acharya U.R.","HAN-ECG: An interpretable atrial fibrillation detection model using hierarchical attention networks",2020,1,"https://www.scopus.com/inward/record.uri?eid=2-s2.0-85093703007&doi=10.1016%2fj.compbiomed.2020.104057&partnerID=40&md5=4d47e8a706805590c91ad65f9c22ce4f","National Science Foundation

National Institutes of Health","Final"
"Lu L., Ren X., Yeh K.-H., Tan Z., Chanussot J.","Exploring coupled images fusion based on joint tensor decomposition",2020,1,"https://www.scopus.com/inward/record.uri?eid=2-s2.0-85082762054&doi=10.1186%2fs13673-020-00215-z&partnerID=40&md5=5a0b9d5922f9af6c03a33eeb2832df9f","National Natural Science Foundation of China

Ministry of Science and Technology of the People's Republic of China","Final"
"Ecer F., Ardabili S., Band S.S., Mosavi A.","Training multilayer perceptron with genetic algorithms and particle swarm optimization for modeling stock price index prediction",2020,1,"https://www.scopus.com/inward/record.uri?eid=2-s2.0-85094876535&doi=10.3390%2fe22111239&partnerID=40&md5=589e545f66da5b1d7bed01698e65f321","European Commission","Final"
"Li J., Chen Z., Wang Z., Chang Y.-C.I.","Active learning in multiple-class classification problems via individualized binary models",2020,1,"https://www.scopus.com/inward/record.uri?eid=2-s2.0-85078155816&doi=10.1016%2fj.csda.2020.106911&partnerID=40&md5=fb70846bd33f209b207f1c69232f4f6b","National Natural Science Foundation of China

Natural Science Foundation of Anhui Province

Ministry of Science and Technology, Taiwan","Final"
"Wang J., Xiao C., Zhu T., Hsueh C.-H., Tseng W.-J., Wu I.-C.","Only-One-Victor Pattern Learning in Computer Go",2017,1,"https://www.scopus.com/inward/record.uri?eid=2-s2.0-85027444641&doi=10.1109%2fTCIAIG.2015.2504108&partnerID=40&md5=82e1a8655ee0f99b19eebc4591de5e0e","National Natural Science Foundation of China

Fundamental Research Funds for the Central Universities","Final"
"Qi R., Ji S., Shen J., Vijayakumar P., Kumar N.","Security preservation in industrial medical CPS using Chebyshev map: An AI approach",2021,,"https://www.scopus.com/inward/record.uri?eid=2-s2.0-85104076502&doi=10.1016%2fj.future.2021.03.008&partnerID=40&md5=3037142c75ae4bb897ad3110710820b5","Tata Consultancy Services

Department of Science and Technology, Ministry of Science and Technology, India

National Natural Science Foundation of China

University Grants Committee","Final"
"Zhong K.-Q., Xiao Y., Zhao X., Yin L., Shu C.-M., Tian Y.","Predictive ability of four statistical models for determining the influence of coal thermophysical properties during the initial phase of coal spontaneous combustion",2021,,"https://www.scopus.com/inward/record.uri?eid=2-s2.0-85100740111&doi=10.1016%2fj.fuel.2021.120348&partnerID=40&md5=51f3d850cf4a3f5a42a6ca84e5a66534","Science and Technology Facilities Council

De Montfort University

National Natural Science Foundation of China

National Key Research and Development Program of China","Final"
"Wei F., Vijayakumar P., Kumar N., Zhang R., Cheng Q.","Privacy-preserving implicit authentication protocol using cosine similarity for internet of things",2021,,"https://www.scopus.com/inward/record.uri?eid=2-s2.0-85103326601&doi=10.1109%2fJIOT.2020.3031486&partnerID=40&md5=3abfe24c954bcad7c2cabe2c7a04b249","National Natural Science Foundation of China

Foundation of Science and Technology on Information Assurance Laboratory","Final"
"Hung J.-Y., Perera C., Chen K.-W., Myung D., Chiu H.-K., Fuh C.-S., Hsu C.-R., Liao S.-L., Kossler A.L.","A deep learning approach to identify blepharoptosis by convolutional neural networks",2021,,"https://www.scopus.com/inward/record.uri?eid=2-s2.0-85101311954&doi=10.1016%2fj.ijmedinf.2021.104402&partnerID=40&md5=6670ff8f839464a798290941b0cf924c","National Eye Institute

Research to Prevent Blindness

Ministry of Science and Technology, Taiwan","Final"
"Zheng X., Liu Y., Jiang J., Thomas L.M., Su N.","Predicting the litigation outcome of ppp project disputes between public authority and private partner using an ensemble model",2021,,"https://www.scopus.com/inward/record.uri?eid=2-s2.0-85100534143&doi=10.3846%2fjbem.2021.13219&partnerID=40&md5=9d53a6854d6a060a896cb57a5d8fa058","National Natural Science Foundation of China

China Scholarship Council","Final"
"Yang L., Cheng L., Li Y., Li H., Li J., Chang T.-C., Miao X.","Cryptographic Key Generation and In Situ Encryption in One-Transistor-One-Resistor Memristors for Hardware Security",2021,,"https://www.scopus.com/inward/record.uri?eid=2-s2.0-85099746175&doi=10.1002%2faelm.202001182&partnerID=40&md5=5d2655fcbb87216a56f9c009bf486bf0","National Natural Science Foundation of China","Article in Press"
"Deng L., Zhong W., Zhao L., He X., Lian Z., Jiang S., Chen C.Y.-C.","Artificial Intelligence-Based Application to Explore Inhibitors of Neurodegenerative Diseases",2020,,"https://www.scopus.com/inward/record.uri?eid=2-s2.0-85099053363&doi=10.3389%2ffnbot.2020.617327&partnerID=40&md5=b730283c38553d4e85eb0639fb8d1029","Applied Basic Research Foundation of Yunnan Province

National Natural Science Foundation of China

Guangzhou Municipal Science and Technology Project

Science, Technology and Innovation Commission of Shenzhen Municipality

Fundamental Research Funds for the Central Universities","Final"
"Karballaeezadeh N., Danial M.S., Moazemi D., Band S.S., Mosavi A., Reuter U.","Smart structural health monitoring of flexible pavements using machine learning methods",2020,,"https://www.scopus.com/inward/record.uri?eid=2-s2.0-85096299941&doi=10.3390%2fcoatings10111100&partnerID=40&md5=4199aff2aeb862c3c0e2f69446eb66f8","Alexander von Humboldt-Stiftung

European Commission

European Social Fund","Final"
"Bharathi M., Wang Z., Guo B., Balraj B., Li Q., Shuai J., Guo D.","Memristors: Understanding, Utilization and Upgradation for Neuromorphic Computing",2020,,"https://www.scopus.com/inward/record.uri?eid=2-s2.0-85096174859&doi=10.1142%2fS1793292020300054&partnerID=40&md5=78b73a9f0ac4e2b559d71153c40704c2","National Natural Science Foundation of China

National Key Research and Development Program of China","Final"
"Band S.S., Al-Shourbaji I., Karami H., Karimi S., Esfandiari J., Mosavi A.","Combination of group method of data handling (GMDH) and computational fluid dynamics (CFD) for prediction of velocity in channel intake",2020,,"https://www.scopus.com/inward/record.uri?eid=2-s2.0-85094641589&doi=10.3390%2fapp10217521&partnerID=40&md5=8544c5794dae58635ec6de76bd0ef165","European Commission","Final"
"Huang C.-C., Liang W.-Y., Lin S.-H., Tseng T.-L., Wang Y.-H., Wu K.-H.","Detection of potential controversial issues for social sustainability: Case of green energy",2020,,"https://www.scopus.com/inward/record.uri?eid=2-s2.0-85092938951&doi=10.3390%2fsu12198057&partnerID=40&md5=4c62c0858de7141c0f106a11a815e66d","National Science Foundation","Final"
"Hsu Y.-C., Yu C.-H., Buehler M.J.","Tuning Mechanical Properties in Polycrystalline Solids Using a Deep Generative Framework",2020,,"https://www.scopus.com/inward/record.uri?eid=2-s2.0-85099643316&doi=10.1002%2fadem.202001339&partnerID=40&md5=70e5f19b07bc1393a9f787424fdb84a4","National Institutes of Health

Office of Naval Research

Air Force Office of Scientific Research

Army Research Office

Ministry of Science and Technology, Taiwan","Article in Press"
"Zhang Y., Chan S., Park V.Y., Chang K.-T., Mehta S., Kim M.J., Combs F.J., Chang P., Chow D., Parajuli R., Mehta R.S., Lin C.-Y., Chien S.-H., Chen J.-H., Su M.-Y.","Automatic Detection and Segmentation of Breast Cancer on MRI Using Mask R-CNN Trained on Non–Fat-Sat Images and Tested on Fat-Sat Images",2020,,"https://www.scopus.com/inward/record.uri?eid=2-s2.0-85097791211&doi=10.1016%2fj.acra.2020.12.001&partnerID=40&md5=6bf3de4cad59d0fd9c7983cc124f740f","National Institutes of Health","Article in Press"
"Mou Z., Ye W., Chang C.-C., Mao Y.","The Application Analysis of Neural Network Techniques on Lexical Tone Rehabilitation of Mandarin-Speaking Patients with Post-Stroke Dysarthria",2020,,"https://www.scopus.com/inward/record.uri?eid=2-s2.0-85085582099&doi=10.1109%2fACCESS.2020.2994069&partnerID=40&md5=0d66886b70cff1acecaa0653ccd2fbaf","National Natural Science Foundation of China

Natural Science Foundation of Hunan Province

Guangdong University of Technology

Department of Education of Guangdong Province","Final"
"Yang J., Zhang L., Xu B., Wang C., Lin H.-C.","The credit-increasing mechanism of small and medium-sized enterprises: Evidence from Taizhou’s Credit Guarantee Fund",2019,,"https://www.scopus.com/inward/record.uri?eid=2-s2.0-85067929331&doi=10.20965%2fjaciii.2019.p0546&partnerID=40&md5=9334a115d1e2740535e3acbdcb93e4ab","Science and Technology Department of Zhejiang Province","Final"
"Ke T.-W., Lin C.-W., Liu T.-L., Geiger D.","Variational convolutional networks for human-centric annotations",2017,,"https://www.scopus.com/inward/record.uri?eid=2-s2.0-85016079087&doi=10.1007%2f978-3-319-54190-7_8&partnerID=40&md5=703583625cd5705bcd2b8e580dcd8aa7","National Science Foundation

Ministry of Science and Technology, Taiwan","Final"
"Li J.-H., Lee W.-B., Ye D., Liu T.-J., Qin C.","Adaptive Secret Sharing for Color Images",2011,,"https://www.scopus.com/inward/record.uri?eid=2-s2.0-84860867532&doi=10.1080%2f18756891.2011.9727831&partnerID=40&md5=ecd4fc048852d9a71d9c7e1f93851c13","National Natural Science Foundation of China","Final"
"Yen J., Teh S.H., Lively W.M.","Principled Modeling and Automatic Classification for Enhancing the Reusability of Problem Solving Methods of Expert Systems",1998,,"https://www.scopus.com/inward/record.uri?eid=2-s2.0-0032023816&doi=10.1023%2fA%3a1008296124032&partnerID=40&md5=f9f97c0b2591ece22fc319c515f4c33d","National Science Foundation","Final"
